{
  "grupo1": "Personas",
  "grupo2": "Empresas",
  "mediana1": 5.0,
  "media1": 4.409356725146199,
  "ic_media1": [
    4.353764394478435,
    4.464949055813963
  ],
  "mediana2": 4.0,
  "media2": 3.8378378378378377,
  "ic_media2": [
    3.418198364190015,
    4.25747731148566
  ],
  "test": "Mann-Whitney U",
  "estadistico": 24417.5,
  "pvalor": 0.0007278023878020821,
  "n1": 1026,
  "n2": 37,
  "shapiro_p1": 1.308919618236762e-40,
  "shapiro_p2": 1.0104943408945477e-05,
  "levene_p": 0.0713344504576631
}